{"products":[{"id":"0.6701209116545099","qty":1}],"totalPrice":29.989999999999995}